{
  "properties": {
    "connectionReferences": {
      "shared_commondataserviceforapps": {
        "runtimeSource": "embedded",
        "connection": {
          "connectionReferenceLogicalName": "new_sharedcommondataserviceforapps_34ed7"
        },
        "api": {
          "name": "shared_commondataserviceforapps"
        }
      }
    },
    "definition": {
      "$schema": "https://schema.management.azure.com/providers/Microsoft.Logic/schemas/2016-06-01/workflowdefinition.json#",
      "contentVersion": "1.0.0.0",
      "parameters": {
        "$connections": {
          "defaultValue": {},
          "type": "Object"
        },
        "$authentication": {
          "defaultValue": {},
          "type": "SecureObject"
        }
      },
      "triggers": {
        "manual": {
          "metadata": {
            "operationMetadataId": "2c3c6bf8-303e-4a80-8aa1-59b852e2f878"
          },
          "type": "Request",
          "kind": "PowerAppV2",
          "inputs": {
            "schema": {
              "type": "object",
              "properties": {
                "text": {
                  "title": "RoleName",
                  "type": "string",
                  "x-ms-dynamically-added": true,
                  "description": "Please enter your input",
                  "x-ms-content-hint": "TEXT"
                }
              },
              "required": [
                "text"
              ]
            }
          }
        }
      },
      "actions": {
        "Create_text_with_GPT_using_a_prompt": {
          "runAfter": {},
          "metadata": {
            "operationMetadataId": "d131108c-51be-44d3-b13e-14af74758a32",
            "flowSystemMetadata": {
              "portalOperationId": "aibuilderpredict_customprompt",
              "portalOperationGroup": "aibuilder",
              "portalOperationApiDisplayNameOverride": "AI Builder",
              "portalOperationIconOverride": "https://content.powerapps.com/resource/makerx/static/pauto/images/designeroperations/aiBuilderNew.51dbdb6b.png",
              "portalOperationBrandColorOverride": "#0A76C4",
              "portalOperationApiTierOverride": "Standard"
            }
          },
          "type": "OpenApiConnection",
          "inputs": {
            "host": {
              "connectionName": "shared_commondataserviceforapps",
              "operationId": "aibuilderpredict_customprompt",
              "apiId": "/providers/Microsoft.PowerApps/apis/shared_commondataserviceforapps"
            },
            "parameters": {
              "recordId": "593d655c-89df-43c8-8981-8cfd0ecb9a14",
              "item/requestv2/Role_20name": "@triggerBody()['text']"
            },
            "authentication": "@parameters('$authentication')"
          }
        },
        "Parse_JSON": {
          "runAfter": {
            "CleanJson_variable": [
              "Succeeded"
            ]
          },
          "metadata": {
            "operationMetadataId": "9842ab91-7884-4fd4-948c-9aec877dad80"
          },
          "type": "ParseJson",
          "inputs": {
            "content": "@variables('cleanJsonString')",
            "schema": {
              "type": "object",
              "properties": {
                "Job ID": {
                  "type": "string"
                },
                "Job Title": {
                  "type": "string"
                },
                "Job Description": {
                  "type": "string"
                },
                "Job Location": {
                  "type": "string"
                },
                "Job Type": {
                  "type": "string"
                },
                "Department": {
                  "type": "string"
                },
                "Hiring Manager": {
                  "type": "string"
                },
                "Date Posted": {
                  "type": "string"
                },
                "Closing Date": {
                  "type": "string"
                },
                "Salary Range": {
                  "type": "string"
                },
                "Job Requirements": {
                  "type": "string"
                },
                "Preferred Qualifications": {
                  "type": "string"
                },
                "Experience Required": {
                  "type": "string"
                },
                "Education Level": {
                  "type": "string"
                },
                "Employment Status": {
                  "type": "string"
                },
                "Application URL": {
                  "type": "string"
                },
                "Job Category": {
                  "type": "string"
                },
                "Work Schedule": {
                  "type": "string"
                },
                "Contact Information": {
                  "type": "string"
                },
                "Benefits": {
                  "type": "string"
                },
                "Job Level": {
                  "type": "string"
                },
                "Job Code": {
                  "type": "string"
                },
                "Employment Terms": {
                  "type": "string"
                },
                "Role name": {
                  "type": "string"
                }
              }
            }
          }
        },
        "JSON_variable": {
          "runAfter": {
            "Create_text_with_GPT_using_a_prompt": [
              "Succeeded"
            ]
          },
          "metadata": {
            "operationMetadataId": "6267fbe7-71d7-415c-bf82-5b16a110bdf1"
          },
          "type": "InitializeVariable",
          "inputs": {
            "variables": [
              {
                "name": "jsonString",
                "type": "string",
                "value": "@outputs('Create_text_with_GPT_using_a_prompt')?['body/responsev2/predictionOutput/text']"
              }
            ]
          }
        },
        "CleanJson_variable": {
          "runAfter": {
            "JSON_variable": [
              "Succeeded"
            ]
          },
          "metadata": {
            "operationMetadataId": "37809fbf-25f7-4228-a165-33173a199d28"
          },
          "type": "InitializeVariable",
          "inputs": {
            "variables": [
              {
                "name": "cleanJsonString",
                "type": "string",
                "value": "@{replace(replace(variables('jsonString'), '```json', ''), '```','')}"
              }
            ]
          },
          "description": "replace(replace(variables('jsonString'), '```json', ''), '```','')"
        },
        "Respond_to_a_Power_App_or_flow": {
          "runAfter": {
            "Parse_JSON": [
              "Succeeded"
            ]
          },
          "metadata": {
            "operationMetadataId": "5691c352-1348-4a26-9455-ef231745aaa3"
          },
          "type": "Response",
          "kind": "PowerApp",
          "inputs": {
            "statusCode": 200,
            "body": {
              "genjobid": "@body('Parse_JSON')?['Job ID']",
              "genjobtitle": "@body('Parse_JSON')?['Job Title']",
              "genjobdescription": "@body('Parse_JSON')?['Job Description']",
              "gensalary": "@body('Parse_JSON')?['Salary Range']",
              "genjobreq": "@body('Parse_JSON')?['Job Requirements']",
              "genqualifications": "@body('Parse_JSON')?['Preferred Qualifications']",
              "genexp": "@body('Parse_JSON')?['Experience Required']",
              "genedu": "@body('Parse_JSON')?['Education Level']",
              "genemploy": "@body('Parse_JSON')?['Employment Status']",
              "gencat": "@body('Parse_JSON')?['Job Category']",
              "genworkschedule": "@body('Parse_JSON')?['Work Schedule']",
              "genbenefits": "@body('Parse_JSON')?['Benefits']",
              "genlevel": "@body('Parse_JSON')?['Job Level']",
              "gencode": "@body('Parse_JSON')?['Job Code']",
              "genemployterms": "@body('Parse_JSON')?['Employment Terms']"
            },
            "schema": {
              "type": "object",
              "properties": {
                "genjobid": {
                  "title": "GenJobID",
                  "x-ms-dynamically-added": true,
                  "type": "string"
                },
                "genjobtitle": {
                  "title": "GenJobTitle",
                  "x-ms-dynamically-added": true,
                  "type": "string"
                },
                "genjobdescription": {
                  "title": "GenJobDescription",
                  "x-ms-dynamically-added": true,
                  "type": "string"
                },
                "gensalary": {
                  "title": "GenSalary",
                  "x-ms-dynamically-added": true,
                  "type": "string"
                },
                "genjobreq": {
                  "title": "GenJobReq",
                  "x-ms-dynamically-added": true,
                  "type": "string"
                },
                "genqualifications": {
                  "title": "GenQualifications",
                  "x-ms-dynamically-added": true,
                  "type": "string"
                },
                "genexp": {
                  "title": "GenExp",
                  "x-ms-dynamically-added": true,
                  "type": "string"
                },
                "genedu": {
                  "title": "GenEdu",
                  "x-ms-dynamically-added": true,
                  "type": "string"
                },
                "genemploy": {
                  "title": "GenEmploy",
                  "x-ms-dynamically-added": true,
                  "type": "string"
                },
                "gencat": {
                  "title": "GenCat",
                  "x-ms-dynamically-added": true,
                  "type": "string"
                },
                "genworkschedule": {
                  "title": "GenWorkSchedule",
                  "x-ms-dynamically-added": true,
                  "type": "string"
                },
                "genbenefits": {
                  "title": "GenBenefits",
                  "x-ms-dynamically-added": true,
                  "type": "string"
                },
                "genlevel": {
                  "title": "GenLevel",
                  "x-ms-dynamically-added": true,
                  "type": "string"
                },
                "gencode": {
                  "title": "GenCode",
                  "x-ms-dynamically-added": true,
                  "type": "string"
                },
                "genemployterms": {
                  "title": "GenEmployTerms",
                  "x-ms-dynamically-added": true,
                  "type": "string"
                }
              }
            }
          }
        }
      }
    },
    "templateName": ""
  },
  "schemaVersion": "1.0.0.0"
}